Broken Link,Status
https://www.pythonjobshq.com,403
https://realpython.com/tutorials/intermediate/,429
https://realpython.com/python-requests/#get-started-with-pythons-requests-library,429
https://realpython.com/python-requests/#inspect-the-response,429
https://realpython.com/python-requests/#work-with-status-codes,429
https://realpython.com/python-requests/#view-response-headers,429
https://realpython.com/python-requests/#add-query-string-parameters,429
https://realpython.com/python-requests/#use-other-http-methods,429
https://realpython.com/python-requests/#inspect-the-prepared-request,429
https://realpython.com/python-requests/#set-request-timeouts,429
https://realpython.com/python-requests/#reuse-connections-with-session-objects,429
https://realpython.com/python-requests/#conclusion,429
https://realpython.com/python-requests/#frequently-asked-questions,429
https://realpython.com/account/join/,429
https://realpython.com/courses/python-requests/,429
https://realpython.com/ref/glossary/api/,429
https://realpython.com/python-requests/#get-started-with-pythons-requests-library,429
https://realpython.com/python-virtual-environments-a-primer/,429
https://realpython.com/account/join/,429
https://realpython.com/python-requests/#make-a-get-request,429
https://realpython.com/python-requests/#inspect-the-response,429
https://realpython.com/python-variables/,429
https://realpython.com/python-requests/#work-with-status-codes,429
https://realpython.com/python-print/,429
https://realpython.com/ref/glossary/boolean/,429
https://realpython.com/python-conditional-statements/,429
https://realpython.com/ref/keywords/true/,429
https://realpython.com/ref/keywords/false/,429
https://realpython.com/ref/keywords/if/,429
https://realpython.com/python-raise-exception/,429
https://realpython.com/python-exceptions/,429
https://realpython.com/python-f-strings/,429
https://realpython.com/python-boolean/#python-boolean-testing,429
https://realpython.com/operator-function-overloading/#making-your-objects-truthy-or-falsey-using-bool,429
https://realpython.com/ref/glossary/exception/,429
https://realpython.com/account/join/,429
https://realpython.com/python-data-types/,429
https://realpython.com/python-encodings-guide/,429
https://realpython.com/ref/builtin-types/str/,429
https://realpython.com/python-json/#deserialize-json-data-types,429
https://realpython.com/ref/glossary/dictionary/,429
https://realpython.com/python-requests/#view-response-headers,429
https://realpython.com/ref/glossary/attribute/,429
https://realpython.com/ref/glossary/method/,429
https://realpython.com/python-tuple/,429
https://realpython.com/python-requests/#customize-request-headers,429
https://realpython.com/run-python-scripts/,429
https://realpython.com/ref/glossary/function/,429
https://realpython.com/interview-kenneth-reitz/,429
https://realpython.com/python-requests/#send-request-data,429
https://realpython.com/python-requests/#inspect-the-prepared-request,429
https://realpython.com/python-requests/#use-authentication,429
https://realpython.com/python-https/,429
https://realpython.com/ref/glossary/subclass/,429
https://realpython.com/account/join/,429
https://realpython.com/python-requests/#communicate-securely-with-servers,429
https://realpython.com/python-requests/#improve-performance,429
https://realpython.com/async-io-python/,429
https://realpython.com/python-requests/#set-request-timeouts,429
https://realpython.com/ref/builtin-types/float/,429
https://realpython.com/ref/builtin-types/int/,429
https://realpython.com/ref/builtin-types/float/,429
https://realpython.com/account/join/,429
https://realpython.com/python-requests/#reuse-connections-with-session-objects,429
https://realpython.com/python-with-statement/,429
https://realpython.com/python-requests/#retry-failed-requests,429
https://realpython.com/bonus/python-requests-code/,429
https://realpython.com/python-logging/,429
https://realpython.com/ref/glossary/debugging/,429
https://realpython.com/account/join/,429
https://realpython.com/python-requests/#conclusion,429
https://realpython.com/bonus/python-requests-code/,429
https://realpython.com/python-requests/#frequently-asked-questions,429
https://realpython.com/quizzes/python-requests/,429
https://realpython.com/quizzes/python-requests/,429
https://realpython.com/feedback/survey/article/python-requests/liked/?from=article-footer,429
https://realpython.com/feedback/survey/article/python-requests/disliked/?from=article-footer,429
https://realpython.com/courses/python-requests/,429
https://realpython.com/team/aronquillo/,429
https://realpython.com/team/aronquillo/,429
https://realpython.com/team/asantos/,429
https://realpython.com/team/asantos/,429
https://realpython.com/team/bsolomon/,429
https://realpython.com/team/bsolomon/,429
https://realpython.com/team/bweleschuk/,429
https://realpython.com/team/bweleschuk/,429
https://realpython.com/team/bzaczynski/,429
https://realpython.com/team/bzaczynski/,429
https://realpython.com/team/gahjelle/,429
https://realpython.com/team/gahjelle/,429
https://realpython.com/team/jjablonski/,429
https://realpython.com/team/jjablonski/,429
https://realpython.com/team/kfinegan/,429
https://realpython.com/team/kfinegan/,429
https://realpython.com/team/mbreuss/,429
https://realpython.com/team/mbreuss/,429
https://realpython.com/team/pacsany/,429
https://realpython.com/team/pacsany/,429
https://realpython.com/account/join/?utm_source=rp_article_footer&utm_content=python-requests,429
https://realpython.com/account/join/?utm_source=rp_article_footer&utm_content=python-requests,429
https://realpython.com/feedback/survey/article/python-requests/liked/?from=article-comments,429
https://realpython.com/feedback/survey/article/python-requests/disliked/?from=article-comments,429
https://twitter.com/intent/tweet/?text=Interesting%20Python%20article%20on%20%40realpython%3A%20Python%27s%20Requests%20Library%20%28Guide%29&url=https%3A%2F%2Frealpython.com%2Fpython-requests%2F,403
https://bsky.app/intent/compose?text=Interesting%20Python%20article%20on%20%40realpython.com%3A%20Python%27s%20Requests%20Library%20%28Guide%29%20https%3A%2F%2Frealpython.com%2Fpython-requests%2F,404
mailto:?subject=Python%20article%20for%20you&body=Python%27s%20Requests%20Library%20%28Guide%29%20on%20Real%20Python%0A%0Ahttps%3A%2F%2Frealpython.com%2Fpython-requests%2F%0A,Request Failed
https://realpython.com/python-beginner-tips/#tip-9-ask-good-questions,429
https://realpython.com/community/,429
https://realpython.com/office-hours/,429
https://realpython.com/tutorials/intermediate/,429
https://realpython.com/tutorials/web-dev/,429
https://realpython.com/courses/python-requests/,429
https://realpython.com/python-bitwise-operators/?utm_source=realpython&utm_medium=web&utm_campaign=related-post&utm_content=python-requests,429
https://realpython.com/beautiful-soup-web-scraper-python/?utm_source=realpython&utm_medium=web&utm_campaign=related-post&utm_content=python-requests,429
https://realpython.com/api-integration-in-python/?utm_source=realpython&utm_medium=web&utm_campaign=related-post&utm_content=python-requests,429
https://realpython.com/async-io-python/?utm_source=realpython&utm_medium=web&utm_campaign=related-post&utm_content=python-requests,429
https://realpython.com/python-api/?utm_source=realpython&utm_medium=web&utm_campaign=related-post&utm_content=python-requests,429
https://realpython.com/account/signup/?intent=continue_reading&utm_source=rp&utm_medium=web&utm_campaign=rwn&utm_content=v1&next=%2Fpython-requests%2F,429
https://realpython.com/account/signup/?intent=continue_reading&utm_source=rp&utm_medium=web&utm_campaign=rwn&utm_content=v1&next=%2Fpython-requests%2F,429
https://realpython.com/account/login/?next=/python-requests/,429
https://realpython.com/start-here/,429
https://realpython.com/search,429
https://realpython.com/mentor/,429
https://realpython.com/ref/,429
https://realpython.com/learning-paths/,429
https://realpython.com/quizzes/,429
https://realpython.com/tutorials/all/,429
https://realpython.com/workshops/,429
https://realpython.com/books/,429
https://realpython.com/podcasts/rpp/,429
https://realpython.com/newsletter/,429
https://realpython.com/community/,429
https://realpython.com/office-hours/,429
https://realpython.com/learner-stories/,429
https://realpython.com/account/join/,429
https://realpython.com/account/join-team/,429
https://realpython.com/account/join-team/inquiry/,429
https://realpython.com/account/join-team/education-inquiry/,429
https://realpython.com/learner-stories/,429
https://realpython.com/about/,429
https://realpython.com/team/,429
https://realpython.com/mission/,429
https://realpython.com/sponsorships/,429
https://realpython.com/media-kit/,429
https://realpython.com/merch,429
https://x.com/realpython,403
https://www.linkedin.com/company/realpython-com,999
https://realpython.com/privacy-policy/,429
https://realpython.com/terms/,429
https://realpython.com/security/,429
https://realpython.com/contact/,429
https://realpython.com/,429
http://ds.tl/help-third-party-plugins,Request Failed
javascript:void(0),Request Failed
javascript:void(0),Request Failed
javascript:void(0),Request Failed
javascript:void(0),Request Failed
javascript:void(0),Request Failed
javascript:void(0);,Request Failed
https://www.linkedin.com/company/w3schools.com/,999
https://campus.w3schools.com/collections/course-best-sellers/products/social-media-marketing-course,404
https://campus.w3schools.com/collections/course-best-sellers/products/social-media-marketing-course,404
https://campus.w3schools.com/collections/certifications/products/web-application-development-certificates,404
https://campus.w3schools.com/collections/certifications/products/web-application-development-certificates,404
https://campus.w3schools.com/collections/course-best-sellers/products/web-application-development-course,404
https://campus.w3schools.com/collections/certifications/products/web-design-certification,404
https://campus.w3schools.com/collections/certifications/products/web-design-certification,404
https://campus.w3schools.com/collections/certifications/products/web-application-development-certificates,404
https://campus.w3schools.com/collections/certifications/products/web-application-development-certificates,404
https://campus.w3schools.com/collections/course-best-sellers/products/web-application-development-course,404
https://campus.w3schools.com/collections/certifications/products/web-design-certification,404
https://campus.w3schools.com/collections/certifications/products/web-design-certification,404
https://campus.w3schools.com/collections/certifications/products/web-application-development-certificates,404
https://campus.w3schools.com/collections/certifications/products/web-application-development-certificates,404
https://campus.w3schools.com/collections/course-best-sellers/products/web-application-development-course,404
https://campus.w3schools.com/collections/certifications/products/web-design-certification,404
https://campus.w3schools.com/collections/certifications/products/web-design-certification,404
https://campus.w3schools.com/collections/course-best-sellers/products/social-media-marketing-course,404
https://campus.w3schools.com/collections/course-best-sellers/products/social-media-marketing-course,404
https://www.linkedin.com/company/w3schools.com/,999
javascript:void(0);,Request Failed
javascript:void(0),Request Failed
https://www.linkedin.com/company/w3schools.com/,999
javascript:void(0);,Request Failed
https://www.linkedin.com/company/w3schools.com/,999
https://www.w3schools.com/forum/default.asp,403
https://www.amazon.com/gp/help/customer/display.html/ref=footer_cou?ie=UTF8&nodeId=508088,503
https://www.amazon.com/gp/help/customer/display.html/ref=footer_privacy?ie=UTF8&nodeId=468496,503
https://www.amazon.com/ref=cs_503_logo,503
https://www.amazon.com/ref=cs_503_link,503
https://www.amazon.com/dogsofamazon/ref=cs_503_d,404
https://www.amazon.com/ref=cs_503_logo,503
https://www.amazon.com/ref=cs_503_link,503
https://www.amazon.com/dogsofamazon/ref=cs_503_d,404
https://www.amazon.com/ref=cs_503_logo,503
https://www.amazon.com/ref=cs_503_link,503
https://www.amazon.com/dogsofamazon/ref=cs_503_d,404
https://unis.karabuk.edu.tr/?&lang=en,Request Failed
https://sertifika.karabuk.edu.tr/,Request Failed
https://x.com/krbkuni,403
https://www.linkedin.com/school/karabuk-university/,999
https://x.com/fatihkirisik,403
https://konukevi.karabuk.edu.tr/index.aspx,Request Failed
https://www.karabuk.edu.tr/2--Sayfa-veya-Sayfa-Sec,404
https://kbudosya.karabuk.edu.tr/documents/kP4JlgMG2xzD ,Request Failed
https://bap.karabuk.edu.tr/,Request Failed
https://www.tubitak.gov.tr/en/funds/academy/national-support-programmes,404
https://basvuru.karabuk.edu.tr/,Request Failed
https://kbuzem.karabuk.edu.tr/index.php?lang=english,404
https://www.karabuk.edu.tr/belgeler/dokumanlar/information.aspx,500
https://www.karabuk.edu.tr/formlar/information.aspx,404
https://bap.karabuk.edu.tr/?&lang=en,Request Failed
https://aday.karabuk.edu.tr/index_en.html,404
https://kbudosya.karabuk.edu.tr/documents/z30ElAO4GZx9,Request Failed
https://kbudosya.karabuk.edu.tr/documents/qDbJVeJ2GvwA,Request Failed
https://yos.karabuk.edu.tr,Request Failed
https://oys.karabuk.edu.tr/login/index.php,Request Failed
https://sertifika.karabuk.edu.tr/,Request Failed
"javascript:__doPostBack('ctl00$ContentPlaceHolder1$btnAra','')",Request Failed
http://bap.karabuk.edu.tr/,Request Failed
https://sertifika.karabuk.edu.tr/magaza,Request Failed
https://kbuzem.karabuk.edu.tr/index.php?lang=english,404
file:///C:/Users/user/Downloads/Kasik%20Sempozyumu%207%20Kasim%202025-1-9.pdf,Request Failed
file:///C:/Users/user/Downloads/Kasik%20Sempozyumu%207%20Kasim%202025-1-9.pdf,Request Failed
javascript:void(0),Request Failed
javascript:void(0),Request Failed
javascript:void(0),Request Failed
javascript:void(0),Request Failed
javascript:void(0),Request Failed
javascript:void(0);,Request Failed
https://www.linkedin.com/company/w3schools.com/,999
https://campus.w3schools.com/collections/course-best-sellers/products/social-media-marketing-course,404
https://campus.w3schools.com/collections/course-best-sellers/products/social-media-marketing-course,404
https://campus.w3schools.com/collections/certifications/products/web-application-development-certificates,404
https://campus.w3schools.com/collections/certifications/products/web-application-development-certificates,404
https://campus.w3schools.com/collections/course-best-sellers/products/web-application-development-course,404
https://campus.w3schools.com/collections/certifications/products/web-design-certification,404
https://campus.w3schools.com/collections/certifications/products/web-design-certification,404
https://campus.w3schools.com/collections/certifications/products/web-application-development-certificates,404
https://campus.w3schools.com/collections/certifications/products/web-application-development-certificates,404
https://campus.w3schools.com/collections/course-best-sellers/products/web-application-development-course,404
https://campus.w3schools.com/collections/certifications/products/web-design-certification,404
https://campus.w3schools.com/collections/certifications/products/web-design-certification,404
https://campus.w3schools.com/collections/certifications/products/web-application-development-certificates,404
https://campus.w3schools.com/collections/certifications/products/web-application-development-certificates,404
https://campus.w3schools.com/collections/course-best-sellers/products/web-application-development-course,404
https://campus.w3schools.com/collections/certifications/products/web-design-certification,404
https://campus.w3schools.com/collections/certifications/products/web-design-certification,404
https://campus.w3schools.com/collections/course-best-sellers/products/social-media-marketing-course,404
https://campus.w3schools.com/collections/course-best-sellers/products/social-media-marketing-course,404
https://www.linkedin.com/company/w3schools.com/,999
javascript:void(0);,Request Failed
javascript:void(0),Request Failed
https://www.linkedin.com/company/w3schools.com/,999
javascript:void(0);,Request Failed
https://www.linkedin.com/company/w3schools.com/,999
https://www.w3schools.com/forum/default.asp,403
https://mkvking.forum/year/2022/,Request Failed
https://mkvking.forum/year/2010/,Request Failed
https://mkvking.forum/year/2003/,Request Failed
https://mkvking.forum/final-draft-2007/,Request Failed
https://mkvking.forum/stan-helsing-2009/,Request Failed
https://mkvking.forum/the-boy-behind-the-door-2020/,Request Failed
https://mkvking.forum/category/thriller/,Request Failed
https://x.com/madeintext,403
https://www.elitetravels-sports.com/destination/marrakech/,Request Failed
javascript:void(0),Request Failed
javascript:void(0),Request Failed
javascript:void(0),Request Failed
javascript:void(0),Request Failed
javascript:void(0),Request Failed
javascript:void(0);,Request Failed
https://www.linkedin.com/company/w3schools.com/,999
https://campus.w3schools.com/collections/course-best-sellers/products/social-media-marketing-course,404
https://campus.w3schools.com/collections/course-best-sellers/products/social-media-marketing-course,404
https://campus.w3schools.com/collections/certifications/products/web-application-development-certificates,404
https://campus.w3schools.com/collections/certifications/products/web-application-development-certificates,404
https://campus.w3schools.com/collections/course-best-sellers/products/web-application-development-course,404
https://campus.w3schools.com/collections/certifications/products/web-design-certification,404
https://campus.w3schools.com/collections/certifications/products/web-design-certification,404
https://campus.w3schools.com/collections/certifications/products/web-application-development-certificates,404
https://campus.w3schools.com/collections/certifications/products/web-application-development-certificates,404
https://campus.w3schools.com/collections/course-best-sellers/products/web-application-development-course,404
https://campus.w3schools.com/collections/certifications/products/web-design-certification,404
https://campus.w3schools.com/collections/certifications/products/web-design-certification,404
https://campus.w3schools.com/collections/certifications/products/web-application-development-certificates,404
https://campus.w3schools.com/collections/certifications/products/web-application-development-certificates,404
https://campus.w3schools.com/collections/course-best-sellers/products/web-application-development-course,404
https://campus.w3schools.com/collections/certifications/products/web-design-certification,404
https://campus.w3schools.com/collections/certifications/products/web-design-certification,404
https://campus.w3schools.com/collections/course-best-sellers/products/social-media-marketing-course,404
https://campus.w3schools.com/collections/course-best-sellers/products/social-media-marketing-course,404
https://www.linkedin.com/company/w3schools.com/,999
javascript:void(0);,Request Failed
javascript:void(0),Request Failed
https://www.linkedin.com/company/w3schools.com/,999
javascript:void(0);,Request Failed
https://www.linkedin.com/company/w3schools.com/,999
https://www.w3schools.com/forum/default.asp,403
https://in.linkedin.com/company/geeksforgeeks,999
https://twitter.com/geeksforgeeks,403
https://sosyal.teknofest.app/@krbkuni78,403
https://unis.karabuk.edu.tr/?&lang=en,Request Failed
https://sertifika.karabuk.edu.tr/,Request Failed
https://sosyal.teknofest.app/@krbkuni78,403
https://x.com/krbkuni,403
https://x.com/fatihkirisik,403
https://sosyal.teknofest.app/@fatihkirisik,403
https://konukevi.karabuk.edu.tr/index.aspx,Request Failed
https://www.karabuk.edu.tr/2--Sayfa-veya-Sayfa-Sec,404
https://kbudosya.karabuk.edu.tr/documents/kP4JlgMG2xzD ,Request Failed
https://bap.karabuk.edu.tr/,Request Failed
https://www.tubitak.gov.tr/en/funds/academy/national-support-programmes,404
https://basvuru.karabuk.edu.tr/,Request Failed
https://kbuzem.karabuk.edu.tr/index.php?lang=english,404
https://www.karabuk.edu.tr/belgeler/dokumanlar/information.aspx,500
https://www.karabuk.edu.tr/formlar/information.aspx,404
https://bap.karabuk.edu.tr/?&lang=en,Request Failed
https://aday.karabuk.edu.tr/index_en.html,404
https://kbudosya.karabuk.edu.tr/documents/z30ElAO4GZx9,Request Failed
https://kbudosya.karabuk.edu.tr/documents/qDbJVeJ2GvwA,Request Failed
https://yos.karabuk.edu.tr,Request Failed
https://oys.karabuk.edu.tr/login/index.php,Request Failed
https://sertifika.karabuk.edu.tr/,Request Failed
"javascript:__doPostBack('ctl00$ContentPlaceHolder1$btnAra','')",Request Failed
http://bap.karabuk.edu.tr/,Request Failed
https://sertifika.karabuk.edu.tr/magaza,Request Failed
https://kbuzem.karabuk.edu.tr/index.php?lang=english,404
file:///C:/Users/user/Downloads/Kasik%20Sempozyumu%207%20Kasim%202025-1-9.pdf,Request Failed
file:///C:/Users/user/Downloads/Kasik%20Sempozyumu%207%20Kasim%202025-1-9.pdf,Request Failed
https://sosyal.teknofest.app/@krbkuni78,403
https://unis.karabuk.edu.tr/?&lang=en,Request Failed
https://sertifika.karabuk.edu.tr/,Request Failed
https://sosyal.teknofest.app/@krbkuni78,403
https://x.com/krbkuni,403
https://x.com/fatihkirisik,403
https://sosyal.teknofest.app/@fatihkirisik,403
https://konukevi.karabuk.edu.tr/index.aspx,Request Failed
https://www.karabuk.edu.tr/2--Sayfa-veya-Sayfa-Sec,404
https://kbudosya.karabuk.edu.tr/documents/kP4JlgMG2xzD ,Request Failed
https://bap.karabuk.edu.tr/,Request Failed
https://www.tubitak.gov.tr/en/funds/academy/national-support-programmes,404
https://basvuru.karabuk.edu.tr/,Request Failed
https://kbuzem.karabuk.edu.tr/index.php?lang=english,404
https://www.karabuk.edu.tr/belgeler/dokumanlar/information.aspx,500
https://www.karabuk.edu.tr/formlar/information.aspx,404
https://bap.karabuk.edu.tr/?&lang=en,Request Failed
https://aday.karabuk.edu.tr/index_en.html,404
https://kbudosya.karabuk.edu.tr/documents/z30ElAO4GZx9,Request Failed
https://kbudosya.karabuk.edu.tr/documents/qDbJVeJ2GvwA,Request Failed
https://yos.karabuk.edu.tr,Request Failed
https://oys.karabuk.edu.tr/login/index.php,Request Failed
https://sertifika.karabuk.edu.tr/,Request Failed
"javascript:__doPostBack('ctl00$ContentPlaceHolder1$btnAra','')",Request Failed
http://bap.karabuk.edu.tr/,Request Failed
https://sertifika.karabuk.edu.tr/magaza,Request Failed
https://kbuzem.karabuk.edu.tr/index.php?lang=english,404
file:///C:/Users/user/Downloads/Kasik%20Sempozyumu%207%20Kasim%202025-1-9.pdf,Request Failed
file:///C:/Users/user/Downloads/Kasik%20Sempozyumu%207%20Kasim%202025-1-9.pdf,Request Failed
https://maps.google.com/maps?hl=fr&tab=wl,Request Failed
https://play.google.com/?hl=fr&tab=w8,Request Failed
https://www.youtube.com/?tab=w1,Request Failed
https://news.google.com/?tab=wn,Request Failed
